{
    "rmse": 0.6699607191477468,
    "mae": 0.5314208459475646,
    "r2": 0.30386956609825144
}